name,full_name,description,created_at,pushed_at,is_framework
tensorflow,tensorflow/tensorflow,An Open Source Machine Learning Framework for Everyone,2015-11-07T01:19:20Z,2025-02-16T09:21:06Z,yes
LightGBM,microsoft/LightGBM,"A fast, distributed, high performance gradient boosting (GBT, GBDT, GBRT, GBM or MART) framework based on decision tree algorithms, used for ranking, classification and many other machine learning tasks.",2016-08-05T05:45:50Z,2025-02-15T04:09:04Z,yes
Paddle,PaddlePaddle/Paddle,PArallel Distributed Deep LEarning: Machine Learning Framework from Industrial Practice &,2016-08-15T06:59:08Z,2025-02-16T03:58:06Z,yes
raredecay,jonas-eschle/raredecay,Machine Learning based Analysis Framework for physics on top of REP,2016-10-09T17:07:08Z,2025-01-07T10:26:24Z,yes
rasa,RasaHQ/rasa,"   Open source machine learning framework to automate text- and voice-based conversations: NLU, dialogue management, connect to Slack, Facebook, and more - Create chatbots and voice assistants",2016-10-14T12:27:49Z,2025-02-12T03:13:59Z,yes
seldon-core,SeldonIO/seldon-core,"An MLOps framework to package, deploy, monitor and manage thousands of production machine learning models",2017-12-20T14:51:54Z,2025-02-14T16:56:03Z,yes
nnpdf,NNPDF/nnpdf,An open-source machine learning framework for global analyses of parton distributions.,2018-01-19T14:30:29Z,2025-02-15T20:30:06Z,yes
spiking-learn,dartl0l/spiking-learn,Framework for machine learning with spiking neural networks,2018-02-06T19:18:08Z,2024-12-17T21:18:20Z,yes
video2x,k4yt3x/video2x,"A machine learning-based video super resolution and frame interpolation framework. Est. Hack the Valley II, 2018.",2018-02-24T16:34:41Z,2025-02-08T02:22:34Z,yes
ModelingToolkit.jl,SciML/ModelingToolkit.jl,An acausal modeling framework for automatically parallelized scientific machine learning (SciML) in Julia. A computer algebra system for integrated symbolics for physics-informed machine learning and automated transformations of differential equations,2018-02-27T01:36:26Z,2025-02-15T00:23:47Z,yes
linfa,rust-ml/linfa,A Rust machine learning framework.,2018-04-05T07:03:30Z,2025-02-10T14:00:30Z,yes
heat,helmholtz-analytics/heat,Distributed tensors and Machine Learning framework with GPU and MPI acceleration in Python,2018-05-17T12:16:27Z,2025-02-14T15:49:38Z,yes
MLJ.jl,JuliaAI/MLJ.jl,A Julia machine learning framework,2018-08-01T06:29:39Z,2025-02-10T00:27:06Z,yes
sktime,sktime/sktime,A unified framework for machine learning with time series,2018-11-06T15:08:24Z,2025-02-16T02:48:42Z,yes
MLJBase.jl,JuliaAI/MLJBase.jl,Core functionality for the MLJ machine learning framework,2018-12-11T14:42:03Z,2025-01-05T23:55:58Z,yes
tensorflow-federated,google-parfait/tensorflow-federated,An open-source framework for machine learning and other computations on decentralized data.,2018-12-12T23:15:35Z,2025-02-14T20:14:26Z,yes
learning_machines_robobo,ci-group/learning_machines_robobo,Framework for the Learning Machines Course at VU Amsterdam,2019-01-02T14:34:16Z,2025-01-06T09:31:10Z,yes
ytopt,ytopt-team/ytopt,ytopt: machine-learning-based autotuning and hyperparameter optimization framework using Bayesian Optimization,2019-01-15T18:31:40Z,2025-02-13T22:30:20Z,yes
eggroll,FederatedAI/eggroll,A Simple High Performance Computing Framework for [Federated] Machine Learning,2019-07-08T06:12:46Z,2024-12-31T06:21:01Z,yes
PhiFlow,tum-pbs/PhiFlow,A differentiable PDE solving framework for machine learning,2019-12-04T15:55:57Z,2025-02-12T22:17:21Z,yes
FEDOT,aimclub/FEDOT,Automated modeling and machine learning framework FEDOT,2020-01-13T12:48:37Z,2025-02-15T11:14:11Z,yes
quantum,tensorflow/quantum,An open-source Python framework for hybrid quantum-classical machine learning.,2020-02-06T19:58:35Z,2025-01-24T04:11:50Z,yes
aiko_services,geekscape/aiko_services,"Distributed service framework using asynchronous messages supporting IoT, Machine Learning and Video",2020-03-02T04:06:53Z,2025-02-12T02:54:13Z,yes
modnet,ppdebreuck/modnet,MODNet: a framework for machine learning materials properties,2020-03-13T07:39:21Z,2025-01-08T15:37:15Z,yes
sentinelcam,shumwaymark/sentinelcam,A computer vision and machine learning pipeline on a distributed framework. Designed for an embedded network on low voltage IoT hardware.,2020-04-02T04:15:15Z,2025-02-13T00:32:08Z,yes
NErlNet,leondavi/NErlNet,Nerlnet is a framework for research and development of distributed machine learning models on IoT,2020-05-13T03:34:41Z,2025-02-10T22:00:17Z,yes
mlxp,inria-thoth/mlxp,A framework for conducting machine learning experiments in python,2020-06-07T14:53:25Z,2024-12-19T09:39:57Z,yes
NiaAML,firefly-cpp/NiaAML,Python automated machine learning framework.,2020-08-21T17:03:06Z,2025-01-23T08:39:11Z,yes
DeepMol,BioSystemsUM/DeepMol,DeepMol: A Machine and Deep Learning Framework for Computational Chemistry,2020-09-08T14:47:20Z,2025-02-07T15:26:53Z,yes
ivy,ivy-llc/ivy,Convert Machine Learning Code Between Frameworks,2021-01-19T08:37:25Z,2025-02-02T18:02:16Z,yes
AtomixML,atomix-studio/AtomixML,(Self) Educational Machine Learning Framework,2021-03-20T09:20:42Z,2025-02-14T23:27:43Z,yes
mala,mala-project/mala,Materials Learning Algorithms. A framework for machine learning materials properties from first-principles data.,2021-03-31T11:40:38Z,2025-02-14T16:25:04Z,yes
pg_plan_inspector,s-hironobu/pg_plan_inspector,A framework to monitor and improve the performance of PostgreSQL using Machine Learning methods.,2021-07-23T22:46:01Z,2025-01-14T04:09:01Z,yes
ProblemSolving-FrameWork-ML,MvMukesh/ProblemSolving-FrameWork-ML,Detailed industry specific framework to solve Machine Learning Problem,2021-08-10T07:12:32Z,2025-01-07T05:36:39Z,yes
DataPreprocessing-Framework-ML,MvMukesh/DataPreprocessing-Framework-ML,"Least Discussed topic Data Preparation, most important part of a machine learning project",2021-08-10T09:04:08Z,2025-01-07T05:37:49Z,yes
MLPro,fhswf/MLPro,MLPro - The Integrative Middleware Framework for Standardized Machine Learning in Python,2021-08-10T16:57:36Z,2025-02-14T15:54:43Z,yes
mlcolvar,luigibonati/mlcolvar,A unified framework for machine learning collective variables for enhanced sampling simulations,2021-09-21T21:32:04Z,2025-01-24T15:27:45Z,yes
Geochemistrypi,ZJUEarthData/Geochemistrypi,an open-sourced highly automated machine learning Python framework for data-driven geochemistry discovery,2021-10-13T01:53:14Z,2025-02-16T09:33:06Z,yes
Chemsy,tsyet12/Chemsy,A Minimalistic Automatic Framework for Chemometrics and Machine Learning,2021-10-20T16:42:42Z,2025-01-16T20:03:41Z,yes
AgML,Project-AgML/AgML,"AgML is a centralized framework for agricultural machine learning. AgML provides access to public agricultural datasets for common agricultural deep learning tasks, with standard benchmarks and pretrained models, as well the ability to generate synthetic data and annotations.",2021-10-29T13:44:40Z,2025-02-10T03:41:47Z,yes
dgbpy,OpendTect/dgbpy,dgbpy is a framework for research and deployment of machine learning models from seismic and well data.,2021-11-06T19:55:20Z,2025-02-07T09:58:12Z,yes
MetaGen,Data-Science-Big-Data-Research-Lab/MetaGen,MetaGen: A framework for metaheuristic development and hyperparameter optimization in machine and deep learning,2022-02-07T15:32:54Z,2025-02-11T18:20:38Z,yes
Chatbot-using-Rasa-machine-learning-framework,aparna2071/Chatbot-using-Rasa-machine-learning-framework,,2022-03-28T21:07:31Z,2025-01-24T17:51:51Z,yes
Drone-Detection-and-Identification-using-RF-signals,Kalit31/Drone-Detection-and-Identification-using-RF-signals,Code repository for 'Machine Learning based framework for Drone Detection and Identification using RF signals',2022-04-07T05:56:03Z,2024-12-22T20:05:21Z,yes
secretflow,secretflow/secretflow,A unified framework for privacy-preserving data analysis and machine learning,2022-04-15T09:07:44Z,2025-02-10T11:20:55Z,yes
DeepGNN,microsoft/DeepGNN,DeepGNN is a framework for training machine learning models on large scale graph data.,2022-04-21T17:24:28Z,2025-02-11T20:48:35Z,yes
mlgrid-services,openlangrid/mlgrid-services,A framework to serve various generative AIs and other machine learning functions via WebSocket and JSONRPC.,2022-05-10T08:30:07Z,2025-02-03T02:48:15Z,yes
paxml,google/paxml,"Pax is a Jax-based machine learning framework for training large scale models. Pax allows for advanced and fully configurable experimentation and parallelization, and has demonstrated industry leading model flop utilization rates.",2022-06-14T16:04:48Z,2025-02-05T14:07:16Z,yes
matbench-discovery,janosh/matbench-discovery,An evaluation framework for machine learning models simulating high-throughput materials discovery.,2022-06-20T18:32:44Z,2025-02-16T01:08:10Z,yes
FeatureEngineering-Framework-ML,MvMukesh/FeatureEngineering-Framework-ML,Industry specific framework of Feature Engineering in Machine Learning,2022-06-29T14:34:13Z,2025-01-07T05:38:25Z,yes
dasf-core,discovery-unicamp/dasf-core,Framework for computing Machine Learning algorithms in Python using Dask and RAPIDS AI. ,2022-08-24T13:58:55Z,2025-02-13T18:36:19Z,yes
iXAI,mmschlk/iXAI,Fast and incremental explanations for online machine learning models. Works best with the river framework.,2022-09-02T13:33:58Z,2024-12-26T22:40:16Z,yes
atlantic,TsLu1s/atlantic,Atlantic: Automated Data Preprocessing Framework for Machine Learning,2022-09-08T22:11:36Z,2025-01-15T00:16:55Z,yes
SNEnsemble,Luwen-Zhang/SNEnsemble,"This work proposes a framework that integrate empirical models and machine learning models for better extrapolation, exemplified by fatigue life prediction of fiber-reinforced composites.",2022-09-13T05:11:59Z,2025-01-29T02:25:51Z,yes
TBML,anthonychm/TBML,Tensor Basis Machine Learning (TBML) is a package containing machine learning frameworks for enhancing Reynolds averaged Navier-Stokes predictions of turbulence variables,2022-09-15T11:44:22Z,2025-01-14T14:48:47Z,yes
3d-ml,clee-ai/3d-ml,A versatile framework for 3D machine learning built on Pytorch Lightning and Hydra [looking for contributors!],2022-11-10T16:27:12Z,2025-02-03T21:41:37Z,yes
apax,apax-hub/apax,A flexible and performant framework for training machine learning potentials.,2022-11-18T12:31:19Z,2025-02-11T10:28:25Z,yes
ROHE,rdsea/ROHE,An orchestration framework for End-to-End Machine Learning Serving with Resource Optimization on Heterogeneous Edge,2022-11-24T11:28:44Z,2025-01-22T19:31:14Z,yes
graphstorm,awslabs/graphstorm,Enterprise graph machine learning framework for billion-scale graphs for ML scientists and data scientists.,2022-12-02T11:20:38Z,2025-02-15T00:50:54Z,yes
pybroker,edtechre/pybroker,Algorithmic Trading in Python with Machine Learning,2023-01-16T01:11:52Z,2025-02-12T04:49:00Z,yes
aurora,arctisio/aurora," JVM Machine-Learning framework for model training, evaluation, deployment, tuning and benchmarking!",2023-01-24T17:33:44Z,2025-01-21T11:31:25Z,yes
mlimputer,TsLu1s/mlimputer,MLimputer: Missing Data Imputation Framework for Machine Learning,2023-02-06T16:40:27Z,2025-01-30T15:24:40Z,yes
Research,RamanEbrahimi/Research,Implementing the mathematical modeling and machine learning algorithms in analysis of complex multi-layer networks. The research involves developing new mathematical optimization frameworks and simulation environments.,2023-02-22T16:37:00Z,2025-02-15T17:13:41Z,yes
research-trends-analysis,leoxiang66/research-trends-analysis,"This is the official repo for the paper ""TrendFlow: A Machine Learning Framework for Research Trend Analysis"".",2023-02-28T09:02:32Z,2025-01-10T02:31:24Z,yes
gomlx,gomlx/gomlx,GoMLX: An Accelerated Machine Learning Framework For Go,2023-04-23T19:30:48Z,2025-02-13T11:38:09Z,yes
machine-learning,ahmad-thewhiz/machine-learning,foundational concepts and frameworks,2023-05-14T16:27:55Z,2024-12-31T07:58:11Z,yes
hep-ml-lab,Star9daisy/hep-ml-lab,An end-to-end framework used for research combining high-energy physics phenomenology with machine learning.,2023-05-30T07:27:35Z,2025-02-08T11:00:11Z,yes
The-Lord-of-The-Words-The-two-frameworks,SoyGema/The-Lord-of-The-Words-The-two-frameworks,Translation exploration with Transformers and Machine Learning Experimentation Platfroms,2023-05-30T19:30:15Z,2025-02-11T16:04:24Z,yes
molpot,MolCrafts/molpot,[WIP] Machine Learning Molecular ForceField Training and Deploying Framework,2023-07-01T12:30:01Z,2025-02-14T16:18:24Z,yes
anacostia-pipeline,anacostiaAI/anacostia-pipeline,Anacostia is a framework for creating machine learning operations (MLOps) pipelines,2023-07-14T19:44:55Z,2025-02-15T01:24:11Z,yes
IntelELM,thieu1995/IntelELM,IntelELM: A Python Framework for Intelligent Metaheuristic-based Extreme Learning Machine,2023-08-08T13:18:41Z,2025-01-20T03:18:08Z,yes
MASPY,laca-is/MASPY,A Python Framework for Multi-Agent Programming with Machine Learning,2023-08-22T19:11:38Z,2025-02-11T15:54:19Z,yes
dacapo,janelia-cellmap/dacapo,"A framework for easy application of established machine learning techniques on large, multi-dimensional images.",2023-08-24T20:18:00Z,2025-01-23T19:41:46Z,yes
frogbox,SimonLarsen/frogbox,An opinionated machine learning framework.,2023-09-01T15:23:29Z,2025-01-16T08:39:22Z,yes
tcbench,tcbenchstack/tcbench,tcbench is a Machine Learning and Deep Learning framework to train model from traffic packet time series or other input representations.,2023-09-07T10:59:11Z,2024-12-20T14:08:34Z,yes
aliad,AlkaidCheng/aliad,Framework for anomaly detection with machine learning,2023-10-08T05:38:29Z,2025-02-10T19:40:48Z,yes
mfbml,bessagroup/mfbml,A general framework for multi-fidelity Bayesian machine learning,2023-10-19T13:54:02Z,2025-02-13T13:52:14Z,yes
basalt,basalt-org/basalt,A Machine Learning framework from scratch in Pure Mojo ,2023-10-21T14:29:25Z,2025-01-18T13:31:42Z,yes
candlex,mimiquate/candlex,An Nx backend for candle machine learning framework,2023-10-25T13:42:41Z,2025-02-11T13:56:01Z,yes
mof-biocompatibility,fairen-group/mof-biocompatibility,Guiding the rational design of biocompatible metal-organic frameworks for drug delivery using machine learning,2023-11-05T18:08:20Z,2025-01-31T12:02:20Z,yes
pyroml,peacefulotter/pyroml, Machine Learning framework allowing plug-and-play training for pytorch models,2023-11-07T11:00:16Z,2025-02-11T11:24:42Z,yes
neuralnetlib,marcpinet/neuralnetlib, A flexible machine & deep learning framework built from scratch using only NumPy,2023-11-09T20:32:00Z,2025-02-01T21:29:50Z,yes
bardi,DOE-NCI-MOSSAIC/bardi,BARDI is a specialized framework engineered to facilitate the development of reproducible data pre-processing pipelines within machine learning workflows.,2023-12-04T13:46:06Z,2025-01-07T16:29:19Z,yes
nnbench,aai-institute/nnbench,A small framework for benchmarking machine learning models.,2024-01-11T10:54:12Z,2025-02-14T14:27:08Z,yes
Minerva,discovery-unicamp/Minerva,Minerva is a framework for training machine learning models for researchers.,2024-01-11T18:13:09Z,2025-02-13T22:38:44Z,yes
Programming-machine-learning,ankumar/Programming-machine-learning,"The landscape of machine learning (ML) is constantly evolving with new techniques, tools, and frameworks emerging at a rapid pace.",2024-01-24T20:13:28Z,2025-01-24T19:48:08Z,yes
sundial,eMapR/sundial,Workflow / framework for machine learning with data sourced from Google Earth Engine on a bare metal machine.,2024-02-01T19:10:47Z,2025-01-31T22:10:04Z,yes
grads,DatoXx8/grads,A machine learning framework in Zig and OpenCL.,2024-02-03T14:32:26Z,2025-02-15T20:45:02Z,yes
causal-npi-effects,SCAI-BIO/causal-npi-effects,A causal machine learning framework to assess effects of non-pharmaceutical interventions on pandemic disease spread.,2024-02-05T13:20:38Z,2025-01-31T14:02:10Z,yes
semantic-search-model-evaluation,Canadian-Geospatial-Platform/semantic-search-model-evaluation,Machine learning model evaluation framework for semantic search engine ,2024-02-13T21:09:48Z,2025-01-24T04:34:04Z,yes
MoleculeBind,lamalab-org/MoleculeBind,"MoleculeBind is a machine-learning framework for chemistry, where we target unifying various molecular representations into one common latent space (SELFIES, SMILES, Graph, Structures, Fingerprints, Molecular Spectra)",2024-03-08T10:55:30Z,2025-01-14T06:53:55Z,yes
ChessAI_MLProj,WalkingDevFlag/ChessAI_MLProj," This project is designed to provide a comprehensive framework for training machine learning models using both TensorFlow and PyTorch, alongside a robust chess engine that utilizes the Minimax algorithm with Alpha-Beta pruning for optimal decision-making.",2024-03-25T16:25:23Z,2024-12-16T21:07:13Z,yes
HLSFactory,sharc-lab/HLSFactory,HLSFactory: A Framework Empowering High-Level Synthesis Datasets for Machine Learning and Beyond,2024-03-28T19:06:57Z,2025-01-30T20:12:52Z,yes
CGCNN-FOR-MOFS-CO2-UPTAKE,TonyDimbu/CGCNN-FOR-MOFS-CO2-UPTAKE,Repository for fourth year final project  on creating a machine learning model for carbon capture in metal-organic frameworks,2024-04-04T10:00:46Z,2025-01-11T09:22:30Z,yes
node-mlx,frost-beta/node-mlx,Machine learning framework for Node.js.,2024-04-11T10:34:13Z,2025-02-08T04:41:29Z,yes
MachineLearning,BarionLP/MachineLearning,A performant and dynamic MachineLearning framework written in .NET,2024-04-14T20:02:57Z,2025-02-10T20:42:27Z,yes
ART-SM,chrispfae/ART-SM,Fragment-based machine learning framework for backmapping CG structures to atomistic resolution,2024-04-23T19:34:12Z,2025-01-31T16:26:28Z,yes
miglan,formiga-tecnologia/miglan,Framework for Data Science and Machine Learning ,2024-04-24T12:23:19Z,2025-02-15T18:26:22Z,yes
GreatLakes-TempSensors,great-lakes-ai-lab/GreatLakes-TempSensors,Collaborative repository for optimizing the placement of temperature sensors in the Great Lakes using the DeepSensor machine learning framework. Aiming to enhance the quantitative understanding of surface temperature variability for better environmental monitoring and decision-making.,2024-05-06T00:46:32Z,2025-01-02T04:51:15Z,yes
fuse,shehryar49/fuse,A simple minimalistic machine learning framework for C++,2024-05-15T08:21:17Z,2025-02-03T14:08:21Z,yes
MAIT,PERSIMUNE/MAIT,"Medical artificial intelligence toolbox (MAIT): an explainable machine learning framework for binary classification, survival modelling, and regression analyses",2024-05-22T07:47:54Z,2025-01-10T16:26:37Z,yes
in-silico-bioink-viability-prediction,KORINZ/in-silico-bioink-viability-prediction,[Research Article] Machine learning-based prediction and optimisation framework for as-extruded cell viability in extrusion-based 3D bioprinting,2024-06-11T23:55:06Z,2024-12-18T05:42:57Z,yes
lunar_max,Cheslaff/lunar_max,Machine Learning Framework for dummies,2024-06-16T07:48:54Z,2024-12-21T16:00:43Z,yes
BambooSimulator,ETOgaosion/BambooSimulator,simulator for bamboo and other distributed machine learning frameworks,2024-06-17T05:15:35Z,2024-12-30T07:47:50Z,yes
ml-solaris,python-accelerator-middle-layer/ml-solaris,NCSR SOLARIS machine learning frameworks + outdated pyAML version,2024-07-01T13:58:45Z,2025-01-09T11:11:20Z,yes
SpectroMind,Jdewbury/SpectroMind,"A framework for preprocessing and training machine learning models on spectral data, designed for seamless integration and advanced analytics.",2024-07-03T02:00:22Z,2025-02-04T23:30:16Z,yes
RAMPAGE,reverseame/RAMPAGE,RAMPAGE is a framework aimed at training and comparing machine learning models for the detection of Algorithmically Generated Domains.,2024-07-10T07:37:29Z,2024-12-27T12:13:47Z,yes
quantum-machine-learning,imrannasrullah/quantum-machine-learning,Using Pennylane's QML framework to optimize molecular geometries + interaction energies,2024-07-11T17:23:48Z,2024-12-22T07:03:06Z,yes
3DAnimals,3DAnimals/3DAnimals,A machine learning framework for reconstructing articulated 3D animals from images,2024-07-25T20:17:35Z,2024-12-18T22:50:03Z,yes
CLMUL,respailab/CLMUL,A comprehensive framework consisting of sequential continual learning and machine unlearning requests for improving classification tasks,2024-07-30T13:05:16Z,2024-12-19T17:28:14Z,yes
AI_kernels,markdewing/AI_kernels,Machine learning and AI kernels implemented in various languages and frameworks,2024-08-01T20:31:20Z,2025-01-25T00:46:43Z,yes
Framework-for-Tiny-Machine-Learning-TinyML-Acceleration-on-FPGA,Ronald-Tatchemo-Guiafaing/Framework-for-Tiny-Machine-Learning-TinyML-Acceleration-on-FPGA,,2024-08-04T05:09:51Z,2025-01-27T12:35:23Z,yes
IARE_Major_Project,admirer77/IARE_Major_Project,Robust Machine Learning Framework for Detecting Diverse Application-Layer DDoS Attacks,2024-08-14T17:00:31Z,2025-02-10T07:38:02Z,yes
ransomware_detection_framework,Gbekoilias/ransomware_detection_framework,"A comprehensive framework for ransomware detection and mitigation, integrating AI, machine learning, and multi-layered defense strategies",2024-08-29T19:41:57Z,2025-01-16T14:11:51Z,yes
IL-Research-in-PSCs,jiahzengW/IL-Research-in-PSCs,All machine learning frameworks and codes from IL Research in PSCs,2024-09-04T05:28:26Z,2025-02-16T03:27:20Z,yes
gbdtsvm,mariamuna04/gbdtsvm,A machine learning-based efficient framework for snoRNA-disease association prediction.,2024-09-12T16:22:36Z,2025-01-06T16:41:57Z,yes
LegalizeMe,CheropS/LegalizeMe,machine learning model that check legal framework ,2024-09-24T09:37:50Z,2025-02-15T14:29:52Z,yes
ai-from-scratch,obertcoy/ai-from-scratch,Making machine learning and deep learning algorithm from scratch or not heavily reliant on modern framework,2024-10-15T11:25:00Z,2025-01-17T09:03:42Z,yes
Multimodal-Framework-Deep-Machine-Learning-for-Chronic-Cardiac-Disease-Prediction-in-Healthcare-5.0,786RabiaKhan/Multimodal-Framework-Deep-Machine-Learning-for-Chronic-Cardiac-Disease-Prediction-in-Healthcare-5.0,,2024-10-21T18:31:48Z,2025-01-08T05:42:51Z,yes
deep-learning-framework,kpeder/deep-learning-framework,Framework to implement machine learning experiments,2024-10-23T20:23:09Z,2025-02-06T21:06:04Z,yes
Auto_Api,DarkStarStrix/Auto_Api,A simplified machine learning framework ,2024-10-24T21:03:54Z,2025-02-13T22:05:36Z,yes
spatialecotyper,digitalcytometry/spatialecotyper,Spatial EcoTyper is a machine learning framework for systematic identification of spatially distinct multicellular communities from single-cell spatial transcriptomics data.,2024-10-30T01:06:38Z,2025-01-21T19:12:16Z,yes
cerberus,hyouteki/cerberus,C Federated Machine Learning Library  ,2024-11-01T17:22:10Z,2024-12-19T09:53:19Z,yes
Alloy,theSalted/Alloy,Machine Learning Framework Written In Swift and Metal,2024-11-03T04:32:59Z,2025-01-25T21:57:48Z,yes
Construction-accident-cost-prediction,AyeshaM67/Construction-accident-cost-prediction,Claasification_regression based two-tiered machine learning framework,2024-11-07T15:47:09Z,2024-12-19T22:01:45Z,yes
npmod,CryAndRRich/npmod,Building a simple deep learning framework and some machine learning/deep learning model from scratch (pure Numpy and Pytorch),2024-11-09T06:58:38Z,2025-02-15T15:22:02Z,yes
Machine_learning_framework,SHASANKsp/Machine_learning_framework,Machine learning tutorials,2024-11-09T08:26:32Z,2025-02-09T17:32:03Z,yes
pytorch_projects,sofremahi/pytorch_projects,projects coded with pytorch framework for machine learning and deep learning,2024-11-09T08:30:42Z,2024-12-18T13:19:40Z,yes
-Supporting-Information,YihaoHua/-Supporting-Information,Supporting information for the paper 'Comprehensive Evaluation Framework for Compost Maturity with Biochar Amendment: A Meta-Analysis and Machine Learning Approach',2024-11-13T07:36:19Z,2024-12-16T19:12:40Z,yes
Infosys-Model-Inference-Library,Infosys/Infosys-Model-Inference-Library,"IMIL is a versatile and powerful tool designed to simplify the deployment and utilization of machine learning models, regardless of the framework or model type.",2024-11-15T05:29:43Z,2025-01-06T17:16:58Z,yes
ai_test_framework,chamiz/ai_test_framework,AI Test Framework is a robust and flexible tool designed to simplify and streamline the testing of AI and machine learning (ML) models.,2024-11-17T22:57:28Z,2024-12-16T23:49:23Z,yes
HSE_Homeworks,Dangennadevich/HSE_Homeworks,"Homework within the framework of studying at the Higher School of Economics, Master's program ""Machine Learning and high-load systems"" (2023-2025)",2024-11-21T18:34:56Z,2025-02-15T22:40:36Z,yes
ml-inference-candle.rs,bmonikraj/ml-inference-candle.rs,Rust Machine Learning Inference with HF Candle framework,2024-11-24T05:38:56Z,2024-12-22T02:28:07Z,yes
paper-mlwa-mlpro-2.0,fhswf/paper-mlwa-mlpro-2.0,"Paper ScienceDirect MLWA - Arend e.a. - ""MLPro 2.0 - Online machine learning in Python""",2024-11-25T08:39:53Z,2024-12-20T12:27:28Z,yes
delta,blackportal-ai/delta,An Open-Source Machine Learning Framework in Rust ,2024-11-25T12:39:43Z,2025-02-07T09:54:22Z,yes
Machine_Learning_Framework,shubham15400/Machine_Learning_Framework,,2024-12-03T17:48:48Z,2025-01-07T19:31:15Z,yes
gnn-classifier-linkPredictor,ashkanans/gnn-classifier-linkPredictor,"A modular framework for graph-based machine learning tasks, including node classification, link prediction, graph embeddings, and model explainability using Graph Neural Networks (GNNs) and Node2Vec.",2024-12-14T08:38:59Z,2024-12-29T21:47:47Z,yes
MegaPlantTF,Bioinformatics-UM6P/MegaPlantTF,A Machine Learning Framework for Comprehensive Classification of Plant Transcription Factors,2024-12-16T14:31:00Z,2024-12-16T14:50:01Z,yes
azureml-databricks-ray,ahbeigi/azureml-databricks-ray,"Sample code for article: Scaling Machine Learning Pipelines with Azure ML, Databricks, and the Ray Framework",2024-12-16T17:17:08Z,2024-12-16T20:13:38Z,yes
FUNN,FUNN-fractal-unsupervised-neural-net/FUNN,novel machine learning framework that uses expressions with underlying fractal associations ,2024-12-17T08:45:22Z,2024-12-17T08:45:30Z,yes
cyberattack-detection-using-machine-learning-in-power-grid-systems,raju164/cyberattack-detection-using-machine-learning-in-power-grid-systems,"Developed a collaborative machine learning framework to detect cyberattacks in power grid systems. Preprocessed 15+ datasets, using PCA for dimensionality reduction and DBSCAN for clustering.",2024-12-19T16:26:05Z,2024-12-19T16:27:02Z,yes
well-log-ml,LuisCBaez/well-log-ml,"A machine learning framework for processing, analyzing, and predicting well log data. Includes tools for data cleaning, depth-based interpolation, advanced visualization, and hyperparameter optimization with GridSearch and Optuna.",2024-12-21T22:31:59Z,2025-01-20T19:04:33Z,yes
Prediction-of-solid-waste-using-ML,fawaz165/Prediction-of-solid-waste-using-ML,"A machine learning framework leveraging SARIMA, XGBoost, and Optuna for real-time prediction and optimization of urban solid waste generation patterns. Enables smarter, data-driven waste management solutions with dashboards for visualization and strategic decision-making.",2024-12-23T14:06:13Z,2024-12-24T06:52:19Z,yes
bug-free-spork,Sing0165/bug-free-spork,Circulating Hope: A Novel Framework Leveraging Generative APIs and Machine Learning for Cardiovascular Disease Prediction and Prevention Full Code,2024-12-23T21:43:57Z,2024-12-23T21:43:57Z,yes
Web-Page-Phishing-Detection,ahmedali724/Web-Page-Phishing-Detection,A machine learning-based phishing detection framework that identifies phishing URLs using advanced algorithms and feature selection techniques.,2024-12-24T12:42:43Z,2024-12-24T12:50:45Z,yes
SciREX,zenoxml/SciREX,SciREX is an open-source scientific AI and machine learning framework designed for researchers and engineers by Zenteiq and AiREX lab at IISc Bangalore in partnership with ARTPARK at IISc.,2024-12-25T05:00:32Z,2025-02-07T05:42:42Z,yes
HFML,ca0108/HFML,Code of hybrid flow machine learning (HFML) framework,2024-12-27T14:05:47Z,2024-12-27T14:34:39Z,yes
XAI_Interface_for_HR,awxsoul/XAI_Interface_for_HR,A Theoretical Framework based Prototype for Visual Representation and User Interface Design in Explainable AI for HR Management using Machine Learning Models.,2024-12-28T15:57:24Z,2025-01-18T10:38:51Z,yes
ML-project-,Manaswinideshpande/ML-project-,"Modeling CO Emissions Trends: A Machine Learning Framework for Climate Mitigation, A Data-Driven Approach for Sustainable Policy Development""",2024-12-29T10:04:51Z,2024-12-29T10:05:29Z,yes
Text-data-mining-and-Machine-Learning-Optimisation,PranithaKondipamula/Text-data-mining-and-Machine-Learning-Optimisation,"A comprehensive framework for categorizing Adobe support cases, utilizing machine learning and Large Language Models (LLM) to enhance problem classification, resolution tracking, and root cause analysis.",2024-12-30T17:49:00Z,2024-12-30T20:16:16Z,yes
dio_frameworks_machine_learning,ubiratantavares/dio_frameworks_machine_learning,# dio_frameworks_machine_learning,2024-12-31T16:55:42Z,2024-12-31T16:58:34Z,yes
Clinical-Parameters-Monitoring-Framework-Using-Image-Processing-and-Machine-Learning,Vaidehi-M-P/Clinical-Parameters-Monitoring-Framework-Using-Image-Processing-and-Machine-Learning,,2024-12-31T18:12:40Z,2024-12-31T18:14:29Z,yes
Streamlit,sudo-yash-tech/Streamlit,Open-Source App Framework for Data Science and Machine Learning ,2025-01-01T15:51:01Z,2025-01-01T17:59:31Z,yes
DML-Frameworks,ifti8710/DML-Frameworks,Comprehensive Comparative Analysis of Distributed Machine Learning Frameworks for Scalability and Performance,2025-01-03T16:45:07Z,2025-01-03T17:42:38Z,yes
ToolWearML,eidpeter/ToolWearML,A predictive maintenance framework that uses machine learning and image processing to classify tool wear in milling processes,2025-01-05T18:28:45Z,2025-01-05T18:28:52Z,yes
FinalProject,ALIhertgit/FinalProject,Python Script for Car Insurance Claim Prediction: An End-to-End Machine Learning Framework ,2025-01-05T19:45:31Z,2025-01-06T11:48:50Z,yes
ML-LITE,Dancis-S/ML-LITE,"ML-LITE is a C++ machine learning framework featuring models built from scratch, designed for exploration, learning, and reusability.",2025-01-06T01:40:49Z,2025-02-11T23:55:15Z,yes
RCMLRS,had2020/RCMLRS,"Machine learning framework in Rust, ramless, cluster compute",2025-01-07T17:57:29Z,2025-02-13T07:34:34Z,yes
adaptiveai-edge,autonomous-ai-coder/adaptiveai-edge,"AdaptiveAI-Edge is a lightweight machine learning framework designed for efficient neural architecture deployment on consumer hardware, particularly focusing on edge devices with limited computational capabilities. It facilitates real-time analytics, incremental model updating, and advanced data pre-processing while prioritizing resource managem...",2025-01-08T16:08:13Z,2025-01-08T16:08:13Z,yes
RFML-Framework,IntelLabs/RFML-Framework,A framework for training and evaluating machine learning models on RF data.,2025-01-09T01:20:23Z,2025-01-09T22:10:57Z,yes
BReact-sdk,BReact/BReact-sdk,"BReact's platform is a comprehensive framework designed to automate manual processes across various business domains by integrating advanced AI technologies such as Large Language Models (LLMs), Machine Learning (ML), and Computer Vision (CV). ",2025-01-09T10:39:05Z,2025-02-03T16:30:30Z,yes
SimpleML,javlonrahimov/SimpleML,A toy machine learning framework for learning purposes.,2025-01-09T14:23:30Z,2025-01-09T14:32:51Z,yes
FreeCodeCamp_ML_with_Python_Certification,TahmidRaven/FreeCodeCamp_ML_with_Python_Certification,"Machine Learning with Python Certification, I'll use the TensorFlow framework to build several neural networks and explore more advanced techniques like natural language processing and reinforcement learning",2025-01-09T19:06:29Z,2025-02-11T18:02:26Z,yes
Machine-Learning-framework,PabloFuentes97/Machine-Learning-framework,Python machine learning framework including several models and algorithms built from scratch.,2025-01-10T09:06:25Z,2025-02-05T20:55:39Z,yes
Neural-Blueprint,W3STY11/Neural-Blueprint,"An expansive, evolving repository designed to tackle the unfathomable depth of AI and Machine Learning through research, analysis, and cross-disciplinary exploration of advanced concepts, frameworks, and philosophical implications",2025-01-11T05:29:46Z,2025-01-11T07:22:21Z,yes
ml-trading-bot,ddroberts77/ml-trading-bot,Advanced Machine Learning Trading Bot Framework,2025-01-12T15:54:15Z,2025-01-12T15:54:25Z,yes
CADIM-,aluiziobrito/CADIM-,Cloud-Aware DEM Inundation Mapping (CADIM) : A geospatial framework for flood mapping under cloud cover using machine learning and digital elevation models (DEMs).,2025-01-12T23:47:46Z,2025-01-13T03:10:30Z,yes
Driving_Simulator,fabP258/Driving_Simulator,A PyTorch based training framework for a Machine Learning Driving Simulator,2025-01-13T09:16:29Z,2025-02-13T16:34:41Z,yes
Weather-Research-,27sakshi13/Weather-Research-,INTEGRATED METEOROLOGICAL SENSING: A SYNERGISTIC FRAMEWORK OF IOT-DRIVEN WEATHER STATIONS AND ADVANCED MACHINE LEARNING ALGORITHMS,2025-01-13T17:34:12Z,2025-01-13T17:34:12Z,yes
DjangoPetClassificationAPI,SandyAsmoro/DjangoPetClassificationAPI,Django Rest Framework with Machine Learning Model for Cat and Dog Classification,2025-01-14T10:49:49Z,2025-01-14T11:17:13Z,yes
MLOps-Pipeline-Framework,mdabo/MLOps-Pipeline-Framework,A generic end-to-end machine learning pipeline framework supporting multiple types of data and learning tasks,2025-01-15T15:08:28Z,2025-01-16T23:25:16Z,yes
consumer-risk-models-python-machine-learning,gaptab/consumer-risk-models-python-machine-learning,Validate consumer risk models with a standardized framework. Create consistent guidelines for machine learning model validation.,2025-01-16T13:17:06Z,2025-01-16T13:24:13Z,yes
Chronic-Kidney-Disease-Prediction,HariPrashanth2242/Chronic-Kidney-Disease-Prediction,A machine learning framework that predicts the prevalence of a specific chronic disease or health risk factor from digital records of online behavior,2025-01-16T22:13:29Z,2025-01-16T22:16:01Z,yes
Metropolitan-SurrogateModel,FRAderyani/Metropolitan-SurrogateModel,A machine learning framework for efficient metropolitan-scale urban flood prediction combining network clustering with Random Forest surrogate models.,2025-01-16T22:59:06Z,2025-01-16T23:10:17Z,yes
machine-learning-frameworks-exploration,trenchb0y/machine-learning-frameworks-exploration,,2025-01-17T04:38:13Z,2025-02-05T10:58:07Z,yes
waveform-prediction,ahsnuet/waveform-prediction,Harnessing Machine Learning Framework for Data-Driven Predictive Waveform Optimization in Piezoelectric Inkjet Printing Utilizing Multi-Material Inks for Enhanced Droplet Control,2025-01-17T07:13:48Z,2025-01-17T10:59:32Z,yes
autoxplainai,gopalakrishnanarjun/autoxplainai,autoxplainai is an Automatic Model Explanation Framework that simplifies the process of interpreting machine learning models. It provides tools for generating explanations and visualizing them in an intuitive way.,2025-01-17T10:59:34Z,2025-02-15T19:00:12Z,yes
OpenPyStruct,dsmyl6/OpenPyStruct,Open-source toolkit that provides finite element model based optimization frameworks for generating training data and machine learning models for global structural optimization of indeterminate continuous structures,2025-01-17T14:01:34Z,2025-02-06T22:21:59Z,yes
A-Machine-Learning-Approach-to-Optimize-Stroke-Prediction-Integrating-SMOTE-and-Random-Forest,hridoy1000/A-Machine-Learning-Approach-to-Optimize-Stroke-Prediction-Integrating-SMOTE-and-Random-Forest,This study has developed a comprehensive ma- chine learning framework that integrates the Synthetic Minority Over-sampling Technique (SMOTE) with Random Forest to address the class imbalance and improve predictive accuracy.,2025-01-17T16:34:28Z,2025-01-17T16:34:29Z,yes
Stock-Trend-Prediction,258shoumiki08/Stock-Trend-Prediction,"Engineered a dynamic machine learning model to predict stock market trends using S&P 500 data.Utilized a Random Forest Classifier with a backtesting framework, incorporating rolling averages and trend analysis to improve accuracy and insights.",2025-01-18T15:12:31Z,2025-01-18T15:12:53Z,yes
Stock-Oracle,mel-1989/Stock-Oracle,A sophisticated machine learning framework for predicting stock market movements using historical price data. Future plans to leverage technical indicators and sentiment analysis from financial news.,2025-01-18T15:25:12Z,2025-01-19T09:18:48Z,yes
MultiWalk,Peyman-gholami/MultiWalk,Decentralized machine learning framework,2025-01-19T20:02:40Z,2025-01-30T20:01:23Z,yes
NNFS,kf5131/NNFS,"A basic neural network from scratch in Python, demonstrating the fundamental concepts of deep learning without using any machine learning frameworks.",2025-01-20T09:44:29Z,2025-01-20T19:36:00Z,yes
kingston_rain_forecasting,williamlittle423/kingston_rain_forecasting,"Machine learning framework for training, validating, and hyperparameter optimization to predict if it will rain in the next hour in Kingston, Ontario.",2025-01-20T21:04:18Z,2025-01-20T21:15:17Z,yes
MediaPipe,gnawH/MediaPipe,Study Google Machine Learning Solution Framework 'MediaPipe',2025-01-21T01:13:43Z,2025-01-21T08:14:08Z,yes
MLCancerDrugPrediction,ArcaneLightning/MLCancerDrugPrediction,A machine learning framework using ScanPy and Tensorflow to predict anti-cancer drug efficacy and response. The goal is to enable personalized treatment strategies.,2025-01-21T02:51:43Z,2025-01-21T02:51:43Z,yes
SecD4CLOUDMOBILE-ML,fchimuco2014/SecD4CLOUDMOBILE-ML,Machine Learning Implementation into SecD4CLOUDMOBILE framework,2025-01-22T14:16:24Z,2025-01-22T14:16:24Z,yes
llm-finetuning-project,franyatta/llm-finetuning-project,"A lightweight framework for fine-tuning small language models, designed to run on basic hardware",2025-01-23T02:14:45Z,2025-02-08T15:45:46Z,yes
TensorFlow,gitanzeem46/TensorFlow,"TensorFlow: An open-source machine learning framework by Google for building, training, and deploying ML and deep learning models on CPUs, GPUs, and TPUs.",2025-01-24T16:08:54Z,2025-01-24T16:09:45Z,yes
XMT_forgotten_items_prediction,jabl-94/XMT_forgotten_items_prediction,"Framework for predicting forgotten items in retail environments using interpretable machine learning. Implements XMT and TXMT methods that combine multiple evidence types to identify potentially forgotten items, with emphasis on explainable predictions.",2025-01-25T08:58:23Z,2025-01-29T21:12:50Z,yes
Corn-health-monitor-using-Machine-learning,Shanthoshkumar345/Corn-health-monitor-using-Machine-learning,"Monitoring the health of the corn plant using the Machine learning framework such as Tensorflow,Pandas and Mllib",2025-01-25T19:20:28Z,2025-01-25T19:24:21Z,yes
Fault-Detection-App,ParthrajVeluri/Fault-Detection-App,A machine learning framework developed for detecting and isolating faults in electrical grids,2025-01-27T22:35:00Z,2025-01-27T22:38:09Z,yes
maze,LaunchPlatform/maze,MAZE (Massive Argumented Zonal Environments) machine learning framework,2025-01-28T02:51:42Z,2025-02-15T21:00:21Z,yes
Distributed-and-Federated-Machine-Learning,skyscrappers/Distributed-and-Federated-Machine-Learning,FedML framework implementation from scratch in Python,2025-01-28T13:43:07Z,2025-01-28T14:07:35Z,yes
Energy-Evaluation---R,liji-saji/Energy-Evaluation---R,"Created a statistical machine learning framework to examine how eight input variables(relative compactness, surface area, wall area, roof area, overall height, orientation, glazing area, and glazing area distribution) affect two output variables: heating load (HL) and cooling load (CL) in residential buildings.",2025-01-28T15:23:40Z,2025-01-28T15:25:08Z,yes
framework-machine-learning,antonychackotc/framework-machine-learning,,2025-01-29T03:29:26Z,2025-01-29T03:30:23Z,yes
Collaborative-Model-Update-CMU-Framework,SoraChain-AI/Collaborative-Model-Update-CMU-Framework,Collaborative Model Update framework on blockchain on Sharing Updatable Models is a framework to host and train publicly available machine learning models.,2025-01-29T11:03:33Z,2025-01-29T11:08:06Z,yes
Recommendation-System,SANTHANDEEP/Recommendation-System,AN EFFICIENT FRAMEWORK FOR STUDENTS CLUB  RECOMMENDER SYSTEM USING MACHINE LEARNING MODELS,2025-01-29T12:40:47Z,2025-01-29T12:51:36Z,yes
Simple-Machine-Learning-Framework,ArezoMassum/Simple-Machine-Learning-Framework,,2025-01-29T21:11:53Z,2025-01-29T21:15:09Z,yes
OocyteForestBoost,qianxu05172019/OocyteForestBoost,A machine learning framework for predicting cell-cell interactions during oocyte maturation using ensemble methods (Random Forest and XGBoost).,2025-01-29T22:57:38Z,2025-01-30T13:16:52Z,yes
CSCN8010-25W-MachineLearningFramework,Thuang6413/CSCN8010-25W-MachineLearningFramework,Conestoga Foundations of Machine Learning Frameworks Assignment,2025-01-30T00:16:03Z,2025-02-04T15:10:32Z,yes
SpeechCARE_Linguistic_Explainability_Framework,SpeechCARE/SpeechCARE_Linguistic_Explainability_Framework,A collection of methods and experiments for improving explainability in machine learning models.,2025-01-30T05:28:20Z,2025-02-01T07:57:18Z,yes
Machine-Learning-,julioQuantico/Machine-Learning-,Machine Learning Frameworks,2025-01-30T19:56:48Z,2025-01-30T20:05:39Z,yes
Data-Source-Global-Chla-Compiled-Data,AungchitUnina/Data-Source-Global-Chla-Compiled-Data,"Global-Scale Chlorophyll-a Monitoring for Inland Lake Water Quality Framework: Advancements, Machine Learning Models, and Transferability Challenges",2025-01-31T14:28:59Z,2025-01-31T14:50:59Z,yes
PANCPRED-Pancreatic-Cancer-Survival-Analytics-Mod,patilaakash619/PANCPRED-Pancreatic-Cancer-Survival-Analytics-Mod,"A comprehensive machine learning framework for predicting pancreatic cancer survival outcomes using patient demographics, clinical indicators, and socioeconomic factors.",2025-01-31T18:24:21Z,2025-01-31T18:33:25Z,yes
HEARTGUARD-Heart-Attack-Risk-Assessment-Model,patilaakash619/HEARTGUARD-Heart-Attack-Risk-Assessment-Model,"A comprehensive machine learning framework for predicting heart attack risk using patient demographics, clinical measurements, and health indicators. This model leverages statistical analysis and multiple ML algorithms to provide actionable insights for healthcare professionals in cardiovascular risk assessment.",2025-02-01T09:08:24Z,2025-02-01T09:09:45Z,yes
juml,jakelevi1996/juml,Unified framework for multi-paradigm machine learning research,2025-02-01T14:24:59Z,2025-02-01T15:40:49Z,yes
ML4MDE_Project,sarosh2/ML4MDE_Project,Project for the Machine Learning for MDE course. A framework for training unstructured neural network architectures,2025-02-01T16:55:59Z,2025-02-01T18:47:41Z,yes
distributed_ml,bniladridas/distributed_ml,High-performance distributed machine learning framework leveraging MPI for parallel training across multiple nodes.,2025-02-01T20:43:49Z,2025-02-01T21:17:08Z,yes
DILEAP-Digital-Literacy-Education-Analysis-Platfo,patilaakash619/DILEAP-Digital-Literacy-Education-Analysis-Platfo,"A comprehensive analytics framework for evaluating digital literacy education programs, tracking learner progress, and identifying factors that influence learning outcomes. This analysis uses statistical methods and machine learning to provide insights into program effectiveness and learner engagement",2025-02-02T12:46:00Z,2025-02-02T12:48:13Z,yes
ai-agent-2.0,mohdnadim1/ai-agent-2.0,"AI-Agent 2.0 is an advanced artificial intelligence framework designed to provide automated decision-making, intelligent task execution, and adaptive learning. This system integrates machine learning, deep learning, reinforcement learning, and NLP to offer a highly interactive and scalable AI assistant.",2025-02-02T19:56:51Z,2025-02-02T20:02:08Z,yes
modelcraft,arpans2112/modelcraft,"ModelCraft is an open-source, end-to-end machine learning framework designed to simplify and accelerate the development, training, and deployment of ML models. It provides a streamlined workflow for building scalable, production-ready machine learning applications across industries such as finance, healthcare, and e-commerc",2025-02-03T00:56:07Z,2025-02-03T00:56:07Z,yes
KoduFramework,KannanPrasan/KoduFramework,"Kodu is a machine learning framework, that can be used to consume machine learning algorithms and make prediction",2025-02-03T04:54:10Z,2025-02-14T14:33:03Z,yes
Pyptx,DaronPopov/Pyptx,A python based ML framework for tensor operations and machine learning but with PTX (parrellel thread execution) enabled ,2025-02-03T16:19:34Z,2025-02-06T15:35:26Z,yes
horizonml,Deeptanshu-sankhwar/horizonml,"A Hybrid Model Parallelism Framework for Distributed Training on Edge Devices. HorizonML enables efficient training of machine learning models across heterogeneous edge devices using distributed model parallelism, optimizing computation, communication, and resource allocation.",2025-02-04T08:34:51Z,2025-02-04T10:39:12Z,yes
Ensemble-Based-Multi-Disease-Prediction-Model-Using-Machine-Learning-Model,RaptorX3022/Ensemble-Based-Multi-Disease-Prediction-Model-Using-Machine-Learning-Model,"Design and implement a machine learning framework capable of accurately detecting heart  disease, diabetes, Parkinson's, and Alzheimer's disease using various ML models.",2025-02-06T09:52:48Z,2025-02-06T09:55:33Z,yes
machine-learning-framework,riashrma24/machine-learning-framework,,2025-02-06T17:21:18Z,2025-02-06T17:21:18Z,yes
silver-engine,bit-web24/silver-engine,Machine Learning Framework in C++,2025-02-06T18:27:16Z,2025-02-08T17:11:47Z,yes
Cortex,AregGevorgyan/Cortex,Basic machine learning framework made in C,2025-02-06T21:44:46Z,2025-02-07T01:50:57Z,yes
wildlife-collision-prediction,grantjackson580/wildlife-collision-prediction,Machine learning framework for predicting wildlife-vehicle collisions using environmental features extracted from satellite imagery and road segment data. Integrates Landsat imagery analysis with spatial data processing to identify high-risk road segments,2025-02-07T20:27:46Z,2025-02-07T21:01:16Z,yes
Benchmark,EmbeddedML-Benchmark/Benchmark,Benchmarking Framework for Machine Learning Algorithms on Embedded Devices,2025-02-07T20:48:26Z,2025-02-14T17:31:55Z,yes
QuantTradeAI,AKKI0511/QuantTradeAI,A comprehensive machine learning framework for quantitative trading strategies,2025-02-08T03:39:44Z,2025-02-08T05:00:04Z,yes
mlpro,kryptonation/mlpro,Learning materials for Mathematics for machine learning and Frameworks,2025-02-08T21:24:35Z,2025-02-08T22:28:28Z,yes
ML_stocks,jaychowcl/ML_stocks,A financial data analysis and machine learning-based trading strategy framework!,2025-02-09T13:42:30Z,2025-02-12T14:36:42Z,yes
qnnax,gyndlf/qnnax,Framework for quantum machine learning in PennyLane to be accelerated through MPI and Jax,2025-02-11T05:22:03Z,2025-02-12T00:13:16Z,yes
Data-Science-Projects-Machine-Learning-Frameworks,Sonali148/Data-Science-Projects-Machine-Learning-Frameworks,,2025-02-11T09:19:28Z,2025-02-11T09:30:22Z,yes
Rust-ML,crweaver225/Rust-ML,A framework for doing machine learning in Rust,2025-02-11T17:38:44Z,2025-02-11T18:00:24Z,yes
Machine-Learning-Framework-for-House-Price-Prediction,Aakasky123/Machine-Learning-Framework-for-House-Price-Prediction,,2025-02-11T23:49:30Z,2025-02-11T23:52:54Z,yes
hybrid-machine-learning-and-deep-learning-framework-for-autism-diagnosis,Subbi2810/hybrid-machine-learning-and-deep-learning-framework-for-autism-diagnosis,,2025-02-12T06:28:36Z,2025-02-12T06:36:26Z,yes
scclv2,Alexk1704/scclv2,SCalable Continual Learning - An experimental machine learning framework for the investigation of continual learning algorithms.,2025-02-12T17:33:36Z,2025-02-12T18:44:57Z,yes
NuatAi,NuatAI/NuatAi,"Nuat is an open-source AI-powered RPA framework that automates workflows using machine learning, NLP, and computer vision, enabling intelligent and adaptive automation with minimal human intervention.",2025-02-13T16:58:16Z,2025-02-13T17:06:51Z,yes
ml-frameworks,spyrobytes/ml-frameworks,Develop machine learning apps using foundational models and MLOps,2025-02-15T21:32:40Z,2025-02-15T21:39:38Z,yes
HRM-Recruitment-System,afraAntara/HRM-Recruitment-System,"Code for the paper: A Decentralized Employee Performance Appraisal Framework for Recruitment, Performance Prediction and Ranking using Permissioned Blockchain and Machine Learning",2025-02-15T22:12:50Z,2025-02-15T22:27:08Z,yes
